{
    "272473132@qq.com": {
        "url": "http://211.68.191.30/coronavirus/page/student?token=3a51b16281d546bcc82647eb3bc2f2b9baff65dd",
        "q1": "否",
        "q2": "否",
        "q3": "否",
        "q4": "否",
        "q5": "否",
        "q6": "否",
        "q7": "否|",
        "q8": "否|",
        "position": "河北省|廊坊市|三河市永安路186号靠近小王庄村|",
        "ishb": "0",
        "email": "272473132@qq.com"
    },
    "1049618553@qq.com": {
        "url": "http://211.68.191.30/coronavirus/page/student?token=bf791f603253c4b18b1b6cdf5ffa0e1ddb0b8f71",
        "q1": "否",
        "q2": "否",
        "q3": "否",
        "q4": "否",
        "q5": "否",
        "q6": "否",
        "q7": "否|",
        "q8": "否|",
        "position": "河北省|邢台市|宁晋县泰丰路靠近鱼滩头村|",
        "ishb": "0",
        "email": "1049618553@qq.com"
    },
    "896840792@qq.com": {
        "url": "http://211.68.191.30/coronavirus/page/student?token=976ffca1496e5e4715d61fdfb0cec7443d7a8226",
        "q1": "否",
        "q2": "否",
        "q3": "否",
        "q4": "否",
        "q5": "否",
        "q6": "否",
        "q7": "否|",
        "q8": "否|",
        "position": "河北省|邯郸市|大名县043乡道靠近东劝善村|",
        "ishb": "0",
        "email": "896840792@qq.com"
    }
}